Concentration,Intensity,Absorbance,File,Predicted_Conc
0.00000,56.20047,0.00000,blank.csv,0.00667
0.01300,49.77389,0.05274,tube6.csv,0.03890
0.02600,55.40093,0.00622,tube5.csv,0.01048
0.05200,48.28904,0.06589,tube4.csv,0.04694
0.10400,44.10023,0.10530,tube3.csv,0.07103
0.20800,24.05828,0.36848,tube2.csv,0.23186
0.41700,12.10723,0.66670,tube1.csv,0.41411
